frame,time_s,x,y,z,rx,ry,rz
0,0.0,157.24049568942107,28.722413655425168,571.4457584290777,83.0602227191381,0.0,11.158924889792615
1,0.03333333333333333,156.4529813019385,28.48759867946802,571.4436433763146,83.0682995540248,0.0,16.83507771632941
2,0.06666666666666667,155.12702507075966,28.136318373826963,571.2415346846453,83.08610108332368,0.0,24.670565913051007
3,0.1,152.56628957718095,27.585118740686454,571.2373210992453,83.22052636767523,0.0,37.08202344324823
4,0.13333333333333333,149.00497150281473,26.957078849297353,571.2632094845369,83.27495127006154,0.0,50.90187011061553
5,0.16666666666666666,144.40380626179822,26.57650791568879,571.6907620584519,83.33707555232945,0.0,62.85244959489893
6,0.2,138.35882174259476,26.39876717428038,571.486639618952,83.4799652252762,0.0,71.99221309179671
7,0.23333333333333334,131.67860413631618,26.7309154022671,571.0825625058029,83.6491213975417,0.0,71.91705896568772
8,0.26666666666666666,124.68530707211221,27.334077297947857,570.0785380662379,83.54691121845985,0.0,64.97975125150762
9,0.3,118.41582386059031,28.18552428861824,569.044494430114,83.52439822544568,0.0,53.61646400047971
10,0.3333333333333333,112.4613433433633,28.870728836723593,567.2088840758121,83.62511800129431,0.0,41.49686740340897
11,0.36666666666666664,108.1753523270495,29.59808839593913,566.2845745803646,83.67406107086663,0.0,26.62639166651661
12,0.4,104.55942789990004,30.023495390982852,565.6808322141975,83.67652251102822,0.0,16.74517334875273
13,0.43333333333333335,101.76810544938401,30.10279152399665,565.4771775756363,83.81283478639841,0.0,16.4436901587585
14,0.4666666666666667,98.78138927421762,29.744926390319506,565.2736172505868,83.61382254067343,0.0,24.643083921502466
15,0.5,96.34524754180154,29.091281800203614,565.4701576549953,83.26135505153917,0.0,36.72454030751794
16,0.5333333333333333,93.58060721449951,28.060239190258557,565.387291168958,82.90010571986807,0.0,49.705081062891
17,0.5666666666666667,90.77666187500844,26.70194125243423,565.5840515428016,82.47368183033302,0.0,59.298496275976674
18,0.6,88.00465986280888,25.195456296051606,565.9059442063276,82.0463576899686,0.0,63.29593265900314
19,0.6333333333333333,85.4488250218753,23.638953566732464,566.2285086062736,81.98096991233001,0.0,64.57580611950331
20,0.6666666666666666,82.97768797267125,22.078530461478834,566.9517221007413,81.90077392291795,0.0,63.98205909547036
21,0.7,80.99628674656161,20.58737217294938,567.548990685136,81.8087673728171,0.0,65.0218380225406
22,0.7333333333333333,79.2906427842217,19.377466016014754,568.6004603897698,81.81175785695928,0.0,69.1830090540015
23,0.7666666666666667,78.04878036582802,18.48447277299947,569.727920672033,81.85811759941447,0.0,73.27751291147675
24,0.8,76.7636533260184,17.947198358454717,571.311496223522,81.92104813686404,0.0,74.91004076203961
25,0.8333333333333334,75.56413665622497,17.749019038528708,572.3679453631374,82.00280451827189,0.0,74.6783666885186
26,0.8666666666666667,73.15402125776254,17.846879922952795,572.6373999950305,82.12526666565367,0.0,74.2418354139501
27,0.9,70.92379805592566,18.104412430537554,572.2526543144575,82.22572643087915,0.0,73.42842448639061
28,0.9333333333333333,68.33588436405277,18.525537482235617,571.6669473628046,82.33528101100978,0.0,73.07867869652796
29,0.9666666666666667,65.82358105082707,19.02406675523175,570.6246624934384,82.38974073462566,0.0,72.7061376809715
30,1.0,63.50127346345005,19.48621411108582,569.7091111442649,82.45843889375317,0.0,72.90185055607952
31,1.0333333333333334,62.39723706066919,19.800684121615422,569.7068020689428,82.49375490943532,0.0,73.29049489306746
32,1.0666666666666667,61.62432180225206,19.974548287150725,569.704841149351,82.52871173196019,0.0,74.16639618264512
33,1.1,60.83546337192265,20.02347833073616,569.7032319191987,82.5583793704784,0.0,74.70655963246992
34,1.1333333333333333,59.90227980129123,19.990579335572683,569.631959257752,82.62139561808374,0.0,73.19583892249668
35,1.1666666666666667,58.44620636860931,19.992490037972125,569.5610614673099,82.69088693546024,0.0,67.79391703945004
36,1.2,56.461826376129764,20.043211257776516,569.4905041243998,82.7505363411783,0.0,61.35284422697913
37,1.2333333333333334,54.308468572056185,20.150632676799624,569.4202521920391,82.80994375512796,0.0,53.56899124186597
38,1.2666666666666666,51.55151579122928,20.295493835148623,569.2801080915809,82.87728611623447,0.0,48.372067199860396
39,1.3,48.96970999131033,20.500190992256947,569.210090070905,82.91742511522193,0.0,43.22384430944254
40,1.3333333333333333,46.883307542261804,20.717614889295056,569.140090070905,82.9582436338095,0.0,42.42361189125117
41,1.3666666666666667,45.109333293994965,21.00118699056346,569.0700720502291,82.99881595991502,0.0,42.8402743028544
42,1.4,43.3242595147793,21.313904305418713,569.0,83.03938883084766,0.0,45.20378453271192
43,1.4333333333333333,41.766815866885075,21.670054404459076,569.0,83.0649840877469,0.0,45.71526506071757
44,1.4666666666666666,40.247382686035266,22.045167264340837,569.0,83.07996625891042,0.0,48.080695864390236
45,1.5,38.54310325277687,22.456030899549194,569.0,83.09129779245325,0.0,53.68426456346262
46,1.5333333333333334,36.62796766300113,22.871905617948116,569.0,83.10302701214073,0.0,59.44141617569312
47,1.5666666666666667,34.734643074759546,23.284216549312227,569.0,83.11479337592601,0.0,64.71439624634664
48,1.6,32.611003307457516,23.66944477456155,569.0,83.15170033654357,0.0,69.30563975408958
49,1.6333333333333333,30.532328300020872,23.94119911319328,569.0,83.18842826716525,0.0,74.19063746137084
50,1.6666666666666667,28.52744647812043,24.11199882014943,569.0,83.22107246795076,0.0,70.7604245342348
51,1.7,26.404692494317125,24.208963258523664,569.0,83.25334543566532,0.0,67.40432633952014
52,1.7333333333333334,23.7196628766544,24.240671931157134,569.0,83.28585464069852,0.0,64.53421676085492
53,1.7666666666666666,20.792715613679746,24.19261721109615,569.0,83.28860432647554,0.0,65.374015442097
54,1.8,17.32713864485016,24.16889643763952,569.3715163321388,83.30362134030452,0.0,65.41284698490549
55,1.8333333333333333,13.36685659292472,24.079579652500268,569.4947298266064,83.3168898232588,0.0,69.58426206091477
56,1.8666666666666667,9.218996712166641,23.984163582195507,569.4947298266064,83.32478730030385,0.0,73.1481517017312
57,1.9,5.246770264700009,23.943350494021608,569.4947298266064,83.33279523607149,0.0,72.74589149815651
58,1.9333333333333333,0.8507069221734973,24.055762542525066,569.2947298266065,83.37671143236139,0.0,61.63813513770347
59,1.9666666666666666,-3.566494840208019,24.231932335980904,568.7232134944677,83.42828564388515,0.0,43.979837129140066
60,2.0,-7.885530426594618,24.596827758017593,568.6,83.47571942682686,0.0,28.093695777619388
61,2.033333333333333,-12.249594006806683,25.06543365751524,568.4,83.53959073393946,0.0,15.80094288341786
62,2.066666666666667,-16.4031584973983,25.579203757742903,568.2,83.60409714585569,0.0,7.58298425980027
63,2.1,-19.739182533028856,26.05518635576367,568.2,83.63283278000671,0.0,2.440667514764556
64,2.1333333333333333,-22.719808986282423,26.549129458892587,568.2,83.65270839526733,0.0,0.4603582569100695
65,2.1666666666666665,-25.309771135786747,27.004315720032203,567.8841435445745,83.65964882435594,0.0,-0.001607917737800335
66,2.2,-27.276869489257187,27.4404848249533,567.8841435445745,83.65898694638526,0.0,0.7677605467434887
67,2.2333333333333334,-28.89562521056731,27.81194025385477,567.7699299591745,83.6619015383751,0.0,1.891586068224285
68,2.2666666666666666,-29.78693862671121,28.106558253503373,567.6565499427682,83.66107385698706,0.0,5.922373018687097
69,2.3,-30.373841457492535,28.30007968913957,567.5440095863731,83.66811316716428,0.0,10.124308010231658
70,2.3333333333333335,-30.79115996763577,28.421042516618428,567.6598660417988,83.67287944185705,0.0,15.219537038771051
71,2.3666666666666667,-31.03443588350878,28.50321487414866,567.6598660417988,83.66792824652634,0.0,16.30668917050224
72,2.4,-31.222903076172052,28.581471192428722,567.7740796271986,83.65787978331753,0.0,21.10732038695511
73,2.433333333333333,-31.327767220948154,28.610540302546067,567.8593245545063,83.65157720199272,0.0,21.93056828508506
74,2.466666666666667,-31.422823498762934,28.660012356747938,568.0,83.63727766229414,0.0,29.572215574767398
